instance,nb_nodes,nb_arcs,time_ms
"web-Stanford",281904,2312497,2.82039
"Amazon0505",410236,3356824,9.84127
"WikiTalk",2394385,5021410,9.77367
