instance,nb_nodes,nb_arcs,time_ms
"web-Stanford",281904,2312497,2.09794
"Amazon0505",410236,3356824,5.92695
"WikiTalk",2394385,5021410,7.03783
