instance,nb_nodes,nb_arcs,time_ms
"web-Stanford",281904,2312497,3.41554
"Amazon0505",410236,3356824,9.40716
"WikiTalk",2394385,5021410,9.98617
