instance,nb_nodes,nb_arcs,time_ms
"web-Stanford",281904,2312497,2.36087
"Amazon0505",410236,3356824,6.72963
"WikiTalk",2394385,5021410,8.68367
