instance,nb_nodes,nb_arcs,time_ms
"web-Stanford",281904,2312497,2.14364
"Amazon0505",410236,3356824,5.95125
"WikiTalk",2394385,5021410,7.44467
