instance,nb_nodes,nb_arcs,time_ms
"web-Stanford",281904,2312497,2.39758
"Amazon0505",410236,3356824,7.1566
"WikiTalk",2394385,5021410,7.27717
