instance,nb_nodes,nb_arcs,time_ms
"web-Stanford",281904,2312497,2.57404
"Amazon0505",410236,3356824,8.19853
"WikiTalk",2394385,5021410,8.49667
